categoryName,categoryDescription
Rigveda Sahitya,Authentic prints commentary and translations of the Rigveda hymns
Yajurveda Sahitya,Liturgical texts and ritualistic commentary of the Yajurveda
Samaveda Sahitya,Musical notations and spiritual chants of the Samaveda records
Atharvaveda Sahitya,Metaphysical sciences and traditional hymns of Atharvaveda
Upanishad Vani,Philosophical texts regarding ultimate reality and self-realization
Vedanga Shastra,Auxiliary disciplines including phonetics grammar and astronomy
Darshana Grantha,Six core systems of classical Indian spiritual philosophies
Sukrit Rasayana,Premium wellness formulations extracts and health elixirs
Sukrit Arka,Distilled medicinal herbs drops and volatile health essences
Sukrit Gutika,Traditional herbal tablets compressed pills and wellness capsules
Sukrit Churna,Authentic powdered herbs and digestive therapeutic formulations
Sukrit Tailam,Medicated oils for joint care muscle recovery and body massage
Sukrit Lepa,Organic herbal pastes ointments and skin application formulations
Soma Herbal Tea,Premium wellness herbal infusions and rejuvenating leaf blends
Vedic Herbs,Raw single-herb premium organic collections and root powders
Sattvik Bhojan,Pure organic dietary provisions grains and health supplements
Panchgavya Kruti,Products derived from sacred cow elements for health and puja
Ganga Jal Upachar,Purified sacred water formulations infused with therapeutic herbs
Aromatherapy Oils,Natural essential oils and therapeutic concentration extracts
Sanskrit Bhasha,Grammar guides literature tools and learning scripts of Sanskrit
Dhyana Asana,Ergonomic yoga mats meditation cushions and seating gear
Spiritual Artwork,Sacred geometry prints portraits and symbolic spiritual crafts
Puja Samagri,Authentic brass items organic incense sticks and ritual essentials
Vedic Astrology,Almanacs astronomical charts and natal study guides
Sanatana Itihasa,Historical epics narratives and lineage documentations
